{
  "nan": 2.1667789099834716,
  "klm": 1.2667068867769733,
  "ncsc": 1.2287375934393423,
  "gegevens": 1.030309629070666,
  "lekt": 0.9946202817700468,
  "nederland": 0.9923175543454694,
  "ddos": 0.9399233836937769,
  "brussel": 0.9298804409233631,
  "amsterdam": 0.8936601103411504,
  "burgers": 0.8877253403058929,
  "afbouwen": 0.8791768639428509,
  "kabinet": 0.8249569994004275,
  "fabriek": 0.8077188392181129,
  "citrix": 0.7991276253358364,
  "botnet": 0.774473359541255,
  "afhankelijkheid": 0.7704006055750041,
  "duitsland": 0.7683677821172881,
  "ai": 0.7666103078077849,
  "com": 0.7393499187898291,
  "digitale": 0.7323752744118249
}