{
  "salesforce": 2.3257670998421287,
  "dna": 2.146588431370461,
  "citrix": 2.0145593725724447,
  "sidn": 1.9585522984369756,
  "ncsc": 1.90293925467201,
  "gebruikers": 1.7475685194730441,
  "23andme": 1.5251814652476785,
  "procent": 1.4701813573546332,
  "ransomware": 1.468573028642504,
  "fg": 1.3964893357897012,
  "windows": 1.3138025541922231,
  "politie": 1.2994475616324421,
  "google": 1.2665990240330145,
  "servers": 1.1772352583183217,
  "nl": 1.0743289621077479,
  "ers": 1.073836340549624,
  "klanten": 0.992899169482132,
  "media": 0.9925311945251686,
  "vpn": 0.976097708175439,
  "drift": 0.9469245073076928
}