{
  "klm": 0.8421830822203202,
  "china": 0.588435430329878,
  "ransomware": 0.5509550460157143,
  "auto": 0.5215968555663634,
  "google": 0.49248007510729574,
  "ncsc": 0.46926730058764,
  "bosch": 0.43165318083524934,
  "philips": 0.4305620982811767,
  "materialen": 0.4249811441271341,
  "bouwplan": 0.4137288287739471,
  "oostrum": 0.4048063607620902,
  "malaise": 0.4048063607620902,
  "failliet": 0.4048063607620902,
  "samenwerking": 0.39098945999558404,
  "rechter": 0.3903212113749702,
  "air": 0.38923498246391475,
  "france": 0.38923498246391475,
  "netscaler": 0.38514323992553745,
  "banen": 0.3776965332308432,
  "tata": 0.3773708900903246
}