{
  "ransomware": 0.555262384082505,
  "eefje": 0.4003918138664701,
  "netscaler": 0.39600322770228386,
  "citrix": 0.36432296948610116,
  "set": 0.32360499092270195,
  "onderzoek": 0.28512232394564435,
  "basisprincipe": 0.2696708257689183,
  "adc": 0.2376019366213703,
  "misbruik": 0.22176180751327895,
  "kwetsbaarheid": 0.22176180751327895,
  "richtlijnen": 0.21573666061513463,
  "cve": 0.2059216784051876,
  "incidenten": 0.19434183442887673,
  "relations": 0.1715964916570586,
  "zents": 0.1715964916570586,
  "positie": 0.1715964916570586,
  "chief": 0.1715964916570586,
  "opgave": 0.1715964916570586,
  "ministerie": 0.1715964916570586,
  "officer": 0.1715964916570586
}