{
  "china": 0.5595947553397963,
  "bosch": 0.49370097942584373,
  "google": 0.4823826123338945,
  "banen": 0.4319883569976133,
  "materialen": 0.4041517677454085,
  "faillissement": 0.37453353035292325,
  "neprecensies": 0.3445590088099246,
  "essent": 0.3334264275506182,
  "vattenfall": 0.3334264275506182,
  "kritieke": 0.31088597518877575,
  "auto": 0.24685048971292187,
  "onderdelen": 0.24685048971292187,
  "curator": 0.22472011821175394,
  "maand": 0.22472011821175394,
  "reviews": 0.2067354052859548,
  "verdwijnen": 0.18513786728469142,
  "oplichters": 0.1722795044049623,
  "fabriek": 0.17058457489395965,
  "massaclaim": 0.1667132137753091,
  "huis": 0.1667132137753091
}